scenario_id,sample_factor,unit,iteration,both_inside_main_trips,car_sample_trips,car_share_percent,pt_sample_trips,pt_share_percent,bike_sample_trips,bike_share_percent,walk_sample_trips,walk_share_percent,unexpected_mode_sample_trips,unexpected_modes,definition
BAU_2040,0.05,main_trips,0,182517,61934,33.933277448128,23328,12.781275168888,28304,15.507596552650,68951,37.777850830334,0,"{}","selected-plan MATSim main trips with both main-activity endpoints covered by the Munich boundary; stage activities excluded"
BAU_2040,0.05,main_trips,1,182517,60303,33.039662058877,24957,13.673794769802,29752,16.300947309018,67505,36.985595862303,0,"{}","selected-plan MATSim main trips with both main-activity endpoints covered by the Munich boundary; stage activities excluded"
BAU_2040,0.05,main_trips,2,182517,59077,32.367943807974,26274,14.395371390062,31295,17.146348011418,65871,36.090336790546,0,"{}","selected-plan MATSim main trips with both main-activity endpoints covered by the Munich boundary; stage activities excluded"
BAU_2040,0.05,main_trips,3,182517,57738,31.634313516001,27586,15.114208539479,32672,17.900798281804,64521,35.350679662716,0,"{}","selected-plan MATSim main trips with both main-activity endpoints covered by the Munich boundary; stage activities excluded"
BAU_2040,0.05,main_trips,4,182517,56912,31.181752932604,28511,15.621010645584,33953,18.602650711988,63141,34.594585709824,0,"{}","selected-plan MATSim main trips with both main-activity endpoints covered by the Munich boundary; stage activities excluded"
BAU_2040,0.05,main_trips,5,182517,55885,30.619065621285,29628,16.233008432091,35048,19.202594826783,61956,33.945331119841,0,"{}","selected-plan MATSim main trips with both main-activity endpoints covered by the Munich boundary; stage activities excluded"
BAU_2040,0.05,main_trips,6,182517,55110,30.194447640494,30474,16.696526898864,35814,19.622281760055,61119,33.486743700587,0,"{}","selected-plan MATSim main trips with both main-activity endpoints covered by the Munich boundary; stage activities excluded"
BAU_2040,0.05,main_trips,7,182517,54655,29.945155793707,31213,17.101420689580,36616,20.061692883403,60033,32.891730633311,0,"{}","selected-plan MATSim main trips with both main-activity endpoints covered by the Munich boundary; stage activities excluded"
BAU_2040,0.05,main_trips,8,182517,54247,29.721614972852,31994,17.529326035383,37156,20.357555734534,59120,32.391503257231,0,"{}","selected-plan MATSim main trips with both main-activity endpoints covered by the Munich boundary; stage activities excluded"
BAU_2040,0.05,main_trips,9,182517,53566,29.348499043925,32727,17.930932461086,37852,20.738890075993,58372,31.981678418997,0,"{}","selected-plan MATSim main trips with both main-activity endpoints covered by the Munich boundary; stage activities excluded"
BAU_2040,0.05,main_trips,10,182517,53404,29.259740188585,33489,18.348427817683,38255,20.959691426004,57369,31.432140567728,0,"{}","selected-plan MATSim main trips with both main-activity endpoints covered by the Munich boundary; stage activities excluded"
BAU_2040,0.05,main_trips,11,182517,53260,29.180843428283,33862,18.552792342631,38660,21.181588564353,56735,31.084775664733,0,"{}","selected-plan MATSim main trips with both main-activity endpoints covered by the Munich boundary; stage activities excluded"
BAU_2040,0.05,main_trips,12,182517,53141,29.115644022201,34614,18.964808757540,38874,21.298837916468,55888,30.620709303791,0,"{}","selected-plan MATSim main trips with both main-activity endpoints covered by the Munich boundary; stage activities excluded"
BAU_2040,0.05,main_trips,13,182517,52984,29.029624637705,35091,19.226154276040,39142,21.445673553696,55300,30.298547532559,0,"{}","selected-plan MATSim main trips with both main-activity endpoints covered by the Munich boundary; stage activities excluded"
BAU_2040,0.05,main_trips,14,182517,53093,29.089345102100,35693,19.555986565635,39295,21.529501361517,54436,29.825166970748,0,"{}","selected-plan MATSim main trips with both main-activity endpoints covered by the Munich boundary; stage activities excluded"
BAU_2040,0.05,main_trips,15,182517,52924,28.996750987579,35952,19.697891155344,40003,21.917410433001,53638,29.387947424076,0,"{}","selected-plan MATSim main trips with both main-activity endpoints covered by the Munich boundary; stage activities excluded"
BAU_2040,0.05,main_trips,16,182517,52832,28.946344724053,36563,20.032654492458,40027,21.930559893051,53095,29.090440890438,0,"{}","selected-plan MATSim main trips with both main-activity endpoints covered by the Munich boundary; stage activities excluded"
BAU_2040,0.05,main_trips,17,182517,52934,29.002229929267,36978,20.260030572495,40057,21.946996718114,52548,28.790742780125,0,"{}","selected-plan MATSim main trips with both main-activity endpoints covered by the Munich boundary; stage activities excluded"
BAU_2040,0.05,main_trips,18,182517,53044,29.062498287831,37439,20.512609784294,40215,22.033563996778,51819,28.391327931097,0,"{}","selected-plan MATSim main trips with both main-activity endpoints covered by the Munich boundary; stage activities excluded"
BAU_2040,0.05,main_trips,19,182517,53099,29.092632467113,38027,20.834771555526,40196,22.023154007572,51195,28.049441969789,0,"{}","selected-plan MATSim main trips with both main-activity endpoints covered by the Munich boundary; stage activities excluded"
BAU_2040,0.05,main_trips,20,182517,53065,29.074004065375,38611,21.154741750084,40184,22.016579277547,50657,27.754674906995,0,"{}","selected-plan MATSim main trips with both main-activity endpoints covered by the Munich boundary; stage activities excluded"
BAU_2040,0.05,main_trips,21,182517,53238,29.168789756571,38722,21.215558002816,40627,22.259296394308,49930,27.356355846305,0,"{}","selected-plan MATSim main trips with both main-activity endpoints covered by the Munich boundary; stage activities excluded"
BAU_2040,0.05,main_trips,22,182517,53038,29.059210922818,39126,21.436907246996,40780,22.343124202129,49573,27.160757628057,0,"{}","selected-plan MATSim main trips with both main-activity endpoints covered by the Munich boundary; stage activities excluded"
BAU_2040,0.05,main_trips,23,182517,53412,29.264123341935,39507,21.645654925295,40702,22.300388456966,48896,26.789833275804,0,"{}","selected-plan MATSim main trips with both main-activity endpoints covered by the Munich boundary; stage activities excluded"
BAU_2040,0.05,main_trips,24,182517,53512,29.318912758812,40026,21.930011998882,40791,22.349151037986,48188,26.401924204321,0,"{}","selected-plan MATSim main trips with both main-activity endpoints covered by the Munich boundary; stage activities excluded"
BAU_2040,0.05,main_trips,25,182517,53614,29.374797964025,40482,22.179851739838,40853,22.383120476449,47568,26.062229819688,0,"{}","selected-plan MATSim main trips with both main-activity endpoints covered by the Munich boundary; stage activities excluded"
BAU_2040,0.05,main_trips,26,182517,53624,29.380276905713,40962,22.442840940844,40835,22.373258381411,47096,25.803623772032,0,"{}","selected-plan MATSim main trips with both main-activity endpoints covered by the Munich boundary; stage activities excluded"
BAU_2040,0.05,main_trips,27,182517,53729,29.437805793433,41135,22.537626632040,41161,22.551871880428,46492,25.472695694100,0,"{}","selected-plan MATSim main trips with both main-activity endpoints covered by the Munich boundary; stage activities excluded"
BAU_2040,0.05,main_trips,28,182517,53921,29.543001473835,41537,22.757880087882,40962,22.442840940844,46097,25.256277497439,0,"{}","selected-plan MATSim main trips with both main-activity endpoints covered by the Munich boundary; stage activities excluded"
BAU_2040,0.05,main_trips,29,182517,54147,29.666825555976,41828,22.917317290992,40945,22.433526739975,45597,24.982330413057,0,"{}","selected-plan MATSim main trips with both main-activity endpoints covered by the Munich boundary; stage activities excluded"
BAU_2040,0.05,main_trips,30,182517,54496,29.858040620874,42086,23.058673986533,40885,22.400653089849,45050,24.682632302744,0,"{}","selected-plan MATSim main trips with both main-activity endpoints covered by the Munich boundary; stage activities excluded"
BAU_2040,0.05,main_trips,31,182517,54373,29.790649638116,42746,23.420284137916,40808,22.358465238854,44590,24.430600985114,0,"{}","selected-plan MATSim main trips with both main-activity endpoints covered by the Munich boundary; stage activities excluded"
BAU_2040,0.05,main_trips,32,182517,54664,29.950086841226,43048,23.585748176882,40749,22.326139482897,44056,24.138025498995,0,"{}","selected-plan MATSim main trips with both main-activity endpoints covered by the Munich boundary; stage activities excluded"
BAU_2040,0.05,main_trips,33,182517,54880,30.068431981678,43515,23.841614753694,40636,22.264227441827,43486,23.825725822800,0,"{}","selected-plan MATSim main trips with both main-activity endpoints covered by the Munich boundary; stage activities excluded"
BAU_2040,0.05,main_trips,34,182517,55023,30.146780847811,44028,24.122684462269,40375,22.121227063780,43091,23.609307626139,0,"{}","selected-plan MATSim main trips with both main-activity endpoints covered by the Munich boundary; stage activities excluded"
BAU_2040,0.05,main_trips,35,182517,55421,30.364842726979,44513,24.388413134119,39989,21.909739914638,42594,23.337004224264,0,"{}","selected-plan MATSim main trips with both main-activity endpoints covered by the Munich boundary; stage activities excluded"
BAU_2040,0.05,main_trips,36,182517,55566,30.444287381449,44957,24.631678145050,39944,21.885084677044,42050,23.038949796457,0,"{}","selected-plan MATSim main trips with both main-activity endpoints covered by the Munich boundary; stage activities excluded"
BAU_2040,0.05,main_trips,37,182517,55534,30.426754768049,45496,24.926993102012,39570,21.680172257927,41917,22.966079872012,0,"{}","selected-plan MATSim main trips with both main-activity endpoints covered by the Munich boundary; stage activities excluded"
BAU_2040,0.05,main_trips,38,182517,55751,30.545647802670,45761,25.072185056734,39610,21.702088024677,41395,22.680079115918,0,"{}","selected-plan MATSim main trips with both main-activity endpoints covered by the Munich boundary; stage activities excluded"
BAU_2040,0.05,main_trips,39,182517,55933,30.645364541385,46129,25.273810110839,39373,21.572237106680,41082,22.508588241095,0,"{}","selected-plan MATSim main trips with both main-activity endpoints covered by the Munich boundary; stage activities excluded"
BAU_2040,0.05,main_trips,40,182517,56371,30.885342187303,46273,25.352706871141,39200,21.477451415485,40673,22.284499526072,0,"{}","selected-plan MATSim main trips with both main-activity endpoints covered by the Munich boundary; stage activities excluded"
BAU_2040,0.05,main_trips,41,182517,56535,30.975196830980,46518,25.486940942488,39243,21.501010864741,40221,22.036851361791,0,"{}","selected-plan MATSim main trips with both main-activity endpoints covered by the Munich boundary; stage activities excluded"
BAU_2040,0.05,main_trips,42,182517,56487,30.948897910880,47057,25.782255899450,38920,21.324041048231,40053,21.944805141439,0,"{}","selected-plan MATSim main trips with both main-activity endpoints covered by the Munich boundary; stage activities excluded"
BAU_2040,0.05,main_trips,43,182517,56724,31.078748828876,47571,26.063873502194,38544,21.118032840776,39678,21.739344828153,0,"{}","selected-plan MATSim main trips with both main-activity endpoints covered by the Munich boundary; stage activities excluded"
BAU_2040,0.05,main_trips,44,182517,57157,31.315987003950,47700,26.134551849965,38401,21.039683974643,39259,21.509777171442,0,"{}","selected-plan MATSim main trips with both main-activity endpoints covered by the Munich boundary; stage activities excluded"
BAU_2040,0.05,main_trips,45,182517,57167,31.321465945638,48318,26.473150446260,37965,20.800802117063,39067,21.404581491039,0,"{}","selected-plan MATSim main trips with both main-activity endpoints covered by the Munich boundary; stage activities excluded"
BAU_2040,0.05,main_trips,46,182517,57376,31.435975826909,48571,26.611767670957,37809,20.715330626736,38761,21.236925875398,0,"{}","selected-plan MATSim main trips with both main-activity endpoints covered by the Munich boundary; stage activities excluded"
BAU_2040,0.05,main_trips,47,182517,57402,31.450221075297,49141,26.924067347151,37487,20.538908704395,38487,21.086802873157,0,"{}","selected-plan MATSim main trips with both main-activity endpoints covered by the Munich boundary; stage activities excluded"
BAU_2040,0.05,main_trips,48,182517,57491,31.498983656317,49529,27.136650284631,37298,20.435356706499,38199,20.929009352553,0,"{}","selected-plan MATSim main trips with both main-activity endpoints covered by the Munich boundary; stage activities excluded"
BAU_2040,0.05,main_trips,49,182517,58762,32.195357144814,52386,28.701983924785,36559,20.030462915783,34810,19.072196014618,0,"{}","selected-plan MATSim main trips with both main-activity endpoints covered by the Munich boundary; stage activities excluded"
BAU_2040,0.05,main_trips,50,182517,58914,32.278637058466,52551,28.792386462631,36428,19.958688779675,34624,18.970287699228,0,"{}","selected-plan MATSim main trips with both main-activity endpoints covered by the Munich boundary; stage activities excluded"
BAU_2040,0.05,main_trips,51,182517,59064,32.360821183780,52660,28.852106927026,36304,19.890749902749,34489,18.896321986445,0,"{}","selected-plan MATSim main trips with both main-activity endpoints covered by the Munich boundary; stage activities excluded"
BAU_2040,0.05,main_trips,52,182517,59154,32.410131658969,52822,28.940865782365,36160,19.811853142447,34381,18.837149416219,0,"{}","selected-plan MATSim main trips with both main-activity endpoints covered by the Munich boundary; stage activities excluded"
BAU_2040,0.05,main_trips,53,182517,59292,32.485741054258,52903,28.985245210035,36042,19.747201630533,34280,18.781812105174,0,"{}","selected-plan MATSim main trips with both main-activity endpoints covered by the Munich boundary; stage activities excluded"
BAU_2040,0.05,main_trips,54,182517,59464,32.579978851285,52992,29.034007791055,35880,19.658442775194,34181,18.727570582466,0,"{}","selected-plan MATSim main trips with both main-activity endpoints covered by the Munich boundary; stage activities excluded"
BAU_2040,0.05,main_trips,55,182517,59576,32.641342998186,53104,29.095371937956,35764,19.594887051617,34073,18.668398012240,0,"{}","selected-plan MATSim main trips with both main-activity endpoints covered by the Munich boundary; stage activities excluded"
BAU_2040,0.05,main_trips,56,182517,59680,32.698323991738,53219,29.158379767364,35604,19.507223984615,34014,18.636072256283,0,"{}","selected-plan MATSim main trips with both main-activity endpoints covered by the Munich boundary; stage activities excluded"
BAU_2040,0.05,main_trips,57,182517,59782,32.754209196952,53318,29.212621290072,35484,19.441476684364,33933,18.591692828613,0,"{}","selected-plan MATSim main trips with both main-activity endpoints covered by the Munich boundary; stage activities excluded"
BAU_2040,0.05,main_trips,58,182517,59932,32.836393322266,53349,29.229606009303,35366,19.376825172450,33870,18.557175495981,0,"{}","selected-plan MATSim main trips with both main-activity endpoints covered by the Munich boundary; stage activities excluded"
BAU_2040,0.05,main_trips,59,182517,60040,32.895565892492,53446,29.282751743673,35236,19.305598930511,33795,18.516083433324,0,"{}","selected-plan MATSim main trips with both main-activity endpoints covered by the Munich boundary; stage activities excluded"
BAU_2040,0.05,main_trips,60,182517,60118,32.938301637656,53499,29.311790134618,35156,19.261767397010,33744,18.488140830717,0,"{}","selected-plan MATSim main trips with both main-activity endpoints covered by the Munich boundary; stage activities excluded"
