scenario_id,sample_factor,unit,iteration,mode,stuck_event_count,relevant_both_inside_person_stuck_events,unique_affected_persons,unique_relevant_both_inside_persons,definition
BAU_2040,0.05,events,0,ALL,5377,3348,5377,3348,"PersonStuckEvent; relevant persons have at least one BOTH_INSIDE main trip"
BAU_2040,0.05,events,0,car,4929,3232,4929,3232,"PersonStuckEvent; relevant persons have at least one BOTH_INSIDE main trip"
BAU_2040,0.05,events,0,pt,447,116,447,116,"PersonStuckEvent; relevant persons have at least one BOTH_INSIDE main trip"
BAU_2040,0.05,events,0,walk,1,0,1,0,"PersonStuckEvent; relevant persons have at least one BOTH_INSIDE main trip"
BAU_2040,0.05,events,1,ALL,2700,1611,2700,1611,"PersonStuckEvent; relevant persons have at least one BOTH_INSIDE main trip"
BAU_2040,0.05,events,1,car,2157,1485,2157,1485,"PersonStuckEvent; relevant persons have at least one BOTH_INSIDE main trip"
BAU_2040,0.05,events,1,pt,540,126,540,126,"PersonStuckEvent; relevant persons have at least one BOTH_INSIDE main trip"
BAU_2040,0.05,events,1,walk,3,0,3,0,"PersonStuckEvent; relevant persons have at least one BOTH_INSIDE main trip"
BAU_2040,0.05,events,2,ALL,1527,786,1527,786,"PersonStuckEvent; relevant persons have at least one BOTH_INSIDE main trip"
BAU_2040,0.05,events,2,car,952,660,952,660,"PersonStuckEvent; relevant persons have at least one BOTH_INSIDE main trip"
BAU_2040,0.05,events,2,pt,571,126,571,126,"PersonStuckEvent; relevant persons have at least one BOTH_INSIDE main trip"
BAU_2040,0.05,events,2,walk,4,0,4,0,"PersonStuckEvent; relevant persons have at least one BOTH_INSIDE main trip"
BAU_2040,0.05,events,3,ALL,1031,453,1031,453,"PersonStuckEvent; relevant persons have at least one BOTH_INSIDE main trip"
BAU_2040,0.05,events,3,car,462,321,462,321,"PersonStuckEvent; relevant persons have at least one BOTH_INSIDE main trip"
BAU_2040,0.05,events,3,pt,566,132,566,132,"PersonStuckEvent; relevant persons have at least one BOTH_INSIDE main trip"
BAU_2040,0.05,events,3,walk,3,0,3,0,"PersonStuckEvent; relevant persons have at least one BOTH_INSIDE main trip"
BAU_2040,0.05,events,4,ALL,643,210,643,210,"PersonStuckEvent; relevant persons have at least one BOTH_INSIDE main trip"
BAU_2040,0.05,events,4,car,132,95,132,95,"PersonStuckEvent; relevant persons have at least one BOTH_INSIDE main trip"
BAU_2040,0.05,events,4,pt,509,115,509,115,"PersonStuckEvent; relevant persons have at least one BOTH_INSIDE main trip"
BAU_2040,0.05,events,4,walk,2,0,2,0,"PersonStuckEvent; relevant persons have at least one BOTH_INSIDE main trip"
BAU_2040,0.05,events,5,ALL,528,112,528,112,"PersonStuckEvent; relevant persons have at least one BOTH_INSIDE main trip"
BAU_2040,0.05,events,5,pt,524,112,524,112,"PersonStuckEvent; relevant persons have at least one BOTH_INSIDE main trip"
BAU_2040,0.05,events,5,walk,4,0,4,0,"PersonStuckEvent; relevant persons have at least one BOTH_INSIDE main trip"
BAU_2040,0.05,events,6,ALL,527,109,527,109,"PersonStuckEvent; relevant persons have at least one BOTH_INSIDE main trip"
BAU_2040,0.05,events,6,pt,522,109,522,109,"PersonStuckEvent; relevant persons have at least one BOTH_INSIDE main trip"
BAU_2040,0.05,events,6,walk,5,0,5,0,"PersonStuckEvent; relevant persons have at least one BOTH_INSIDE main trip"
BAU_2040,0.05,events,7,ALL,499,96,499,96,"PersonStuckEvent; relevant persons have at least one BOTH_INSIDE main trip"
BAU_2040,0.05,events,7,pt,495,96,495,96,"PersonStuckEvent; relevant persons have at least one BOTH_INSIDE main trip"
BAU_2040,0.05,events,7,walk,4,0,4,0,"PersonStuckEvent; relevant persons have at least one BOTH_INSIDE main trip"
BAU_2040,0.05,events,8,ALL,484,93,484,93,"PersonStuckEvent; relevant persons have at least one BOTH_INSIDE main trip"
BAU_2040,0.05,events,8,pt,477,93,477,93,"PersonStuckEvent; relevant persons have at least one BOTH_INSIDE main trip"
BAU_2040,0.05,events,8,walk,7,0,7,0,"PersonStuckEvent; relevant persons have at least one BOTH_INSIDE main trip"
BAU_2040,0.05,events,9,ALL,434,74,434,74,"PersonStuckEvent; relevant persons have at least one BOTH_INSIDE main trip"
BAU_2040,0.05,events,9,pt,431,74,431,74,"PersonStuckEvent; relevant persons have at least one BOTH_INSIDE main trip"
BAU_2040,0.05,events,9,walk,3,0,3,0,"PersonStuckEvent; relevant persons have at least one BOTH_INSIDE main trip"
BAU_2040,0.05,events,10,ALL,445,76,445,76,"PersonStuckEvent; relevant persons have at least one BOTH_INSIDE main trip"
BAU_2040,0.05,events,10,pt,442,76,442,76,"PersonStuckEvent; relevant persons have at least one BOTH_INSIDE main trip"
BAU_2040,0.05,events,10,walk,3,0,3,0,"PersonStuckEvent; relevant persons have at least one BOTH_INSIDE main trip"
BAU_2040,0.05,events,11,ALL,432,80,432,80,"PersonStuckEvent; relevant persons have at least one BOTH_INSIDE main trip"
BAU_2040,0.05,events,11,pt,427,80,427,80,"PersonStuckEvent; relevant persons have at least one BOTH_INSIDE main trip"
BAU_2040,0.05,events,11,walk,5,0,5,0,"PersonStuckEvent; relevant persons have at least one BOTH_INSIDE main trip"
BAU_2040,0.05,events,12,ALL,412,79,412,79,"PersonStuckEvent; relevant persons have at least one BOTH_INSIDE main trip"
BAU_2040,0.05,events,12,pt,410,79,410,79,"PersonStuckEvent; relevant persons have at least one BOTH_INSIDE main trip"
BAU_2040,0.05,events,12,walk,2,0,2,0,"PersonStuckEvent; relevant persons have at least one BOTH_INSIDE main trip"
BAU_2040,0.05,events,13,ALL,432,87,432,87,"PersonStuckEvent; relevant persons have at least one BOTH_INSIDE main trip"
BAU_2040,0.05,events,13,pt,430,87,430,87,"PersonStuckEvent; relevant persons have at least one BOTH_INSIDE main trip"
BAU_2040,0.05,events,13,walk,2,0,2,0,"PersonStuckEvent; relevant persons have at least one BOTH_INSIDE main trip"
BAU_2040,0.05,events,14,ALL,392,74,392,74,"PersonStuckEvent; relevant persons have at least one BOTH_INSIDE main trip"
BAU_2040,0.05,events,14,pt,388,74,388,74,"PersonStuckEvent; relevant persons have at least one BOTH_INSIDE main trip"
BAU_2040,0.05,events,14,walk,4,0,4,0,"PersonStuckEvent; relevant persons have at least one BOTH_INSIDE main trip"
BAU_2040,0.05,events,15,ALL,342,58,342,58,"PersonStuckEvent; relevant persons have at least one BOTH_INSIDE main trip"
BAU_2040,0.05,events,15,pt,339,58,339,58,"PersonStuckEvent; relevant persons have at least one BOTH_INSIDE main trip"
BAU_2040,0.05,events,15,walk,3,0,3,0,"PersonStuckEvent; relevant persons have at least one BOTH_INSIDE main trip"
BAU_2040,0.05,events,16,ALL,344,55,344,55,"PersonStuckEvent; relevant persons have at least one BOTH_INSIDE main trip"
BAU_2040,0.05,events,16,pt,339,55,339,55,"PersonStuckEvent; relevant persons have at least one BOTH_INSIDE main trip"
BAU_2040,0.05,events,16,walk,5,0,5,0,"PersonStuckEvent; relevant persons have at least one BOTH_INSIDE main trip"
BAU_2040,0.05,events,17,ALL,316,49,316,49,"PersonStuckEvent; relevant persons have at least one BOTH_INSIDE main trip"
BAU_2040,0.05,events,17,pt,310,49,310,49,"PersonStuckEvent; relevant persons have at least one BOTH_INSIDE main trip"
BAU_2040,0.05,events,17,walk,6,0,6,0,"PersonStuckEvent; relevant persons have at least one BOTH_INSIDE main trip"
BAU_2040,0.05,events,18,ALL,300,48,300,48,"PersonStuckEvent; relevant persons have at least one BOTH_INSIDE main trip"
BAU_2040,0.05,events,18,pt,297,48,297,48,"PersonStuckEvent; relevant persons have at least one BOTH_INSIDE main trip"
BAU_2040,0.05,events,18,walk,3,0,3,0,"PersonStuckEvent; relevant persons have at least one BOTH_INSIDE main trip"
BAU_2040,0.05,events,19,ALL,347,64,347,64,"PersonStuckEvent; relevant persons have at least one BOTH_INSIDE main trip"
BAU_2040,0.05,events,19,pt,343,64,343,64,"PersonStuckEvent; relevant persons have at least one BOTH_INSIDE main trip"
BAU_2040,0.05,events,19,walk,4,0,4,0,"PersonStuckEvent; relevant persons have at least one BOTH_INSIDE main trip"
BAU_2040,0.05,events,20,ALL,300,49,300,49,"PersonStuckEvent; relevant persons have at least one BOTH_INSIDE main trip"
BAU_2040,0.05,events,20,pt,297,49,297,49,"PersonStuckEvent; relevant persons have at least one BOTH_INSIDE main trip"
BAU_2040,0.05,events,20,walk,3,0,3,0,"PersonStuckEvent; relevant persons have at least one BOTH_INSIDE main trip"
BAU_2040,0.05,events,21,ALL,283,51,283,51,"PersonStuckEvent; relevant persons have at least one BOTH_INSIDE main trip"
BAU_2040,0.05,events,21,pt,280,51,280,51,"PersonStuckEvent; relevant persons have at least one BOTH_INSIDE main trip"
BAU_2040,0.05,events,21,walk,3,0,3,0,"PersonStuckEvent; relevant persons have at least one BOTH_INSIDE main trip"
BAU_2040,0.05,events,22,ALL,266,56,266,56,"PersonStuckEvent; relevant persons have at least one BOTH_INSIDE main trip"
BAU_2040,0.05,events,22,pt,264,56,264,56,"PersonStuckEvent; relevant persons have at least one BOTH_INSIDE main trip"
BAU_2040,0.05,events,22,walk,2,0,2,0,"PersonStuckEvent; relevant persons have at least one BOTH_INSIDE main trip"
BAU_2040,0.05,events,23,ALL,273,43,273,43,"PersonStuckEvent; relevant persons have at least one BOTH_INSIDE main trip"
BAU_2040,0.05,events,23,pt,271,43,271,43,"PersonStuckEvent; relevant persons have at least one BOTH_INSIDE main trip"
BAU_2040,0.05,events,23,walk,2,0,2,0,"PersonStuckEvent; relevant persons have at least one BOTH_INSIDE main trip"
BAU_2040,0.05,events,24,ALL,270,43,270,43,"PersonStuckEvent; relevant persons have at least one BOTH_INSIDE main trip"
BAU_2040,0.05,events,24,pt,268,43,268,43,"PersonStuckEvent; relevant persons have at least one BOTH_INSIDE main trip"
BAU_2040,0.05,events,24,walk,2,0,2,0,"PersonStuckEvent; relevant persons have at least one BOTH_INSIDE main trip"
BAU_2040,0.05,events,25,ALL,242,40,242,40,"PersonStuckEvent; relevant persons have at least one BOTH_INSIDE main trip"
BAU_2040,0.05,events,25,pt,238,40,238,40,"PersonStuckEvent; relevant persons have at least one BOTH_INSIDE main trip"
BAU_2040,0.05,events,25,walk,4,0,4,0,"PersonStuckEvent; relevant persons have at least one BOTH_INSIDE main trip"
BAU_2040,0.05,events,26,ALL,243,40,243,40,"PersonStuckEvent; relevant persons have at least one BOTH_INSIDE main trip"
BAU_2040,0.05,events,26,pt,240,40,240,40,"PersonStuckEvent; relevant persons have at least one BOTH_INSIDE main trip"
BAU_2040,0.05,events,26,walk,3,0,3,0,"PersonStuckEvent; relevant persons have at least one BOTH_INSIDE main trip"
BAU_2040,0.05,events,27,ALL,251,36,251,36,"PersonStuckEvent; relevant persons have at least one BOTH_INSIDE main trip"
BAU_2040,0.05,events,27,pt,245,36,245,36,"PersonStuckEvent; relevant persons have at least one BOTH_INSIDE main trip"
BAU_2040,0.05,events,27,walk,6,0,6,0,"PersonStuckEvent; relevant persons have at least one BOTH_INSIDE main trip"
BAU_2040,0.05,events,28,ALL,240,26,240,26,"PersonStuckEvent; relevant persons have at least one BOTH_INSIDE main trip"
BAU_2040,0.05,events,28,pt,236,26,236,26,"PersonStuckEvent; relevant persons have at least one BOTH_INSIDE main trip"
BAU_2040,0.05,events,28,walk,4,0,4,0,"PersonStuckEvent; relevant persons have at least one BOTH_INSIDE main trip"
BAU_2040,0.05,events,29,ALL,217,38,217,38,"PersonStuckEvent; relevant persons have at least one BOTH_INSIDE main trip"
BAU_2040,0.05,events,29,pt,214,38,214,38,"PersonStuckEvent; relevant persons have at least one BOTH_INSIDE main trip"
BAU_2040,0.05,events,29,walk,3,0,3,0,"PersonStuckEvent; relevant persons have at least one BOTH_INSIDE main trip"
BAU_2040,0.05,events,30,ALL,229,35,229,35,"PersonStuckEvent; relevant persons have at least one BOTH_INSIDE main trip"
BAU_2040,0.05,events,30,pt,226,35,226,35,"PersonStuckEvent; relevant persons have at least one BOTH_INSIDE main trip"
BAU_2040,0.05,events,30,walk,3,0,3,0,"PersonStuckEvent; relevant persons have at least one BOTH_INSIDE main trip"
BAU_2040,0.05,events,31,ALL,231,42,231,42,"PersonStuckEvent; relevant persons have at least one BOTH_INSIDE main trip"
BAU_2040,0.05,events,31,pt,228,42,228,42,"PersonStuckEvent; relevant persons have at least one BOTH_INSIDE main trip"
BAU_2040,0.05,events,31,walk,3,0,3,0,"PersonStuckEvent; relevant persons have at least one BOTH_INSIDE main trip"
BAU_2040,0.05,events,32,ALL,240,36,240,36,"PersonStuckEvent; relevant persons have at least one BOTH_INSIDE main trip"
BAU_2040,0.05,events,32,pt,236,36,236,36,"PersonStuckEvent; relevant persons have at least one BOTH_INSIDE main trip"
BAU_2040,0.05,events,32,walk,4,0,4,0,"PersonStuckEvent; relevant persons have at least one BOTH_INSIDE main trip"
BAU_2040,0.05,events,33,ALL,206,31,206,31,"PersonStuckEvent; relevant persons have at least one BOTH_INSIDE main trip"
BAU_2040,0.05,events,33,pt,204,31,204,31,"PersonStuckEvent; relevant persons have at least one BOTH_INSIDE main trip"
BAU_2040,0.05,events,33,walk,2,0,2,0,"PersonStuckEvent; relevant persons have at least one BOTH_INSIDE main trip"
BAU_2040,0.05,events,34,ALL,207,38,207,38,"PersonStuckEvent; relevant persons have at least one BOTH_INSIDE main trip"
BAU_2040,0.05,events,34,pt,204,38,204,38,"PersonStuckEvent; relevant persons have at least one BOTH_INSIDE main trip"
BAU_2040,0.05,events,34,walk,3,0,3,0,"PersonStuckEvent; relevant persons have at least one BOTH_INSIDE main trip"
BAU_2040,0.05,events,35,ALL,195,26,195,26,"PersonStuckEvent; relevant persons have at least one BOTH_INSIDE main trip"
BAU_2040,0.05,events,35,pt,190,26,190,26,"PersonStuckEvent; relevant persons have at least one BOTH_INSIDE main trip"
BAU_2040,0.05,events,35,walk,5,0,5,0,"PersonStuckEvent; relevant persons have at least one BOTH_INSIDE main trip"
BAU_2040,0.05,events,36,ALL,209,32,209,32,"PersonStuckEvent; relevant persons have at least one BOTH_INSIDE main trip"
BAU_2040,0.05,events,36,pt,205,32,205,32,"PersonStuckEvent; relevant persons have at least one BOTH_INSIDE main trip"
BAU_2040,0.05,events,36,walk,4,0,4,0,"PersonStuckEvent; relevant persons have at least one BOTH_INSIDE main trip"
BAU_2040,0.05,events,37,ALL,194,33,194,33,"PersonStuckEvent; relevant persons have at least one BOTH_INSIDE main trip"
BAU_2040,0.05,events,37,pt,194,33,194,33,"PersonStuckEvent; relevant persons have at least one BOTH_INSIDE main trip"
BAU_2040,0.05,events,38,ALL,172,22,172,22,"PersonStuckEvent; relevant persons have at least one BOTH_INSIDE main trip"
BAU_2040,0.05,events,38,pt,170,22,170,22,"PersonStuckEvent; relevant persons have at least one BOTH_INSIDE main trip"
BAU_2040,0.05,events,38,walk,2,0,2,0,"PersonStuckEvent; relevant persons have at least one BOTH_INSIDE main trip"
BAU_2040,0.05,events,39,ALL,200,31,200,31,"PersonStuckEvent; relevant persons have at least one BOTH_INSIDE main trip"
BAU_2040,0.05,events,39,pt,199,31,199,31,"PersonStuckEvent; relevant persons have at least one BOTH_INSIDE main trip"
BAU_2040,0.05,events,39,walk,1,0,1,0,"PersonStuckEvent; relevant persons have at least one BOTH_INSIDE main trip"
BAU_2040,0.05,events,40,ALL,180,23,180,23,"PersonStuckEvent; relevant persons have at least one BOTH_INSIDE main trip"
BAU_2040,0.05,events,40,pt,176,23,176,23,"PersonStuckEvent; relevant persons have at least one BOTH_INSIDE main trip"
BAU_2040,0.05,events,40,walk,4,0,4,0,"PersonStuckEvent; relevant persons have at least one BOTH_INSIDE main trip"
BAU_2040,0.05,events,41,ALL,177,27,177,27,"PersonStuckEvent; relevant persons have at least one BOTH_INSIDE main trip"
BAU_2040,0.05,events,41,pt,172,27,172,27,"PersonStuckEvent; relevant persons have at least one BOTH_INSIDE main trip"
BAU_2040,0.05,events,41,walk,5,0,5,0,"PersonStuckEvent; relevant persons have at least one BOTH_INSIDE main trip"
BAU_2040,0.05,events,42,ALL,165,28,165,28,"PersonStuckEvent; relevant persons have at least one BOTH_INSIDE main trip"
BAU_2040,0.05,events,42,pt,160,28,160,28,"PersonStuckEvent; relevant persons have at least one BOTH_INSIDE main trip"
BAU_2040,0.05,events,42,walk,5,0,5,0,"PersonStuckEvent; relevant persons have at least one BOTH_INSIDE main trip"
BAU_2040,0.05,events,43,ALL,205,31,205,31,"PersonStuckEvent; relevant persons have at least one BOTH_INSIDE main trip"
BAU_2040,0.05,events,43,pt,200,31,200,31,"PersonStuckEvent; relevant persons have at least one BOTH_INSIDE main trip"
BAU_2040,0.05,events,43,walk,5,0,5,0,"PersonStuckEvent; relevant persons have at least one BOTH_INSIDE main trip"
BAU_2040,0.05,events,44,ALL,174,15,174,15,"PersonStuckEvent; relevant persons have at least one BOTH_INSIDE main trip"
BAU_2040,0.05,events,44,pt,171,15,171,15,"PersonStuckEvent; relevant persons have at least one BOTH_INSIDE main trip"
BAU_2040,0.05,events,44,walk,3,0,3,0,"PersonStuckEvent; relevant persons have at least one BOTH_INSIDE main trip"
BAU_2040,0.05,events,45,ALL,183,28,183,28,"PersonStuckEvent; relevant persons have at least one BOTH_INSIDE main trip"
BAU_2040,0.05,events,45,pt,181,28,181,28,"PersonStuckEvent; relevant persons have at least one BOTH_INSIDE main trip"
BAU_2040,0.05,events,45,walk,2,0,2,0,"PersonStuckEvent; relevant persons have at least one BOTH_INSIDE main trip"
BAU_2040,0.05,events,46,ALL,184,20,184,20,"PersonStuckEvent; relevant persons have at least one BOTH_INSIDE main trip"
BAU_2040,0.05,events,46,pt,180,20,180,20,"PersonStuckEvent; relevant persons have at least one BOTH_INSIDE main trip"
BAU_2040,0.05,events,46,walk,4,0,4,0,"PersonStuckEvent; relevant persons have at least one BOTH_INSIDE main trip"
BAU_2040,0.05,events,47,ALL,177,23,177,23,"PersonStuckEvent; relevant persons have at least one BOTH_INSIDE main trip"
BAU_2040,0.05,events,47,pt,175,23,175,23,"PersonStuckEvent; relevant persons have at least one BOTH_INSIDE main trip"
BAU_2040,0.05,events,47,walk,2,0,2,0,"PersonStuckEvent; relevant persons have at least one BOTH_INSIDE main trip"
BAU_2040,0.05,events,48,ALL,150,19,150,19,"PersonStuckEvent; relevant persons have at least one BOTH_INSIDE main trip"
BAU_2040,0.05,events,48,pt,144,19,144,19,"PersonStuckEvent; relevant persons have at least one BOTH_INSIDE main trip"
BAU_2040,0.05,events,48,walk,6,0,6,0,"PersonStuckEvent; relevant persons have at least one BOTH_INSIDE main trip"
BAU_2040,0.05,events,49,ALL,11,1,11,1,"PersonStuckEvent; relevant persons have at least one BOTH_INSIDE main trip"
BAU_2040,0.05,events,49,pt,11,1,11,1,"PersonStuckEvent; relevant persons have at least one BOTH_INSIDE main trip"
BAU_2040,0.05,events,50,ALL,9,0,9,0,"PersonStuckEvent; relevant persons have at least one BOTH_INSIDE main trip"
BAU_2040,0.05,events,50,pt,9,0,9,0,"PersonStuckEvent; relevant persons have at least one BOTH_INSIDE main trip"
BAU_2040,0.05,events,51,ALL,8,0,8,0,"PersonStuckEvent; relevant persons have at least one BOTH_INSIDE main trip"
BAU_2040,0.05,events,51,pt,8,0,8,0,"PersonStuckEvent; relevant persons have at least one BOTH_INSIDE main trip"
BAU_2040,0.05,events,52,ALL,8,0,8,0,"PersonStuckEvent; relevant persons have at least one BOTH_INSIDE main trip"
BAU_2040,0.05,events,52,pt,8,0,8,0,"PersonStuckEvent; relevant persons have at least one BOTH_INSIDE main trip"
BAU_2040,0.05,events,53,ALL,8,0,8,0,"PersonStuckEvent; relevant persons have at least one BOTH_INSIDE main trip"
BAU_2040,0.05,events,53,pt,8,0,8,0,"PersonStuckEvent; relevant persons have at least one BOTH_INSIDE main trip"
BAU_2040,0.05,events,54,ALL,8,0,8,0,"PersonStuckEvent; relevant persons have at least one BOTH_INSIDE main trip"
BAU_2040,0.05,events,54,pt,8,0,8,0,"PersonStuckEvent; relevant persons have at least one BOTH_INSIDE main trip"
BAU_2040,0.05,events,55,ALL,8,0,8,0,"PersonStuckEvent; relevant persons have at least one BOTH_INSIDE main trip"
BAU_2040,0.05,events,55,pt,8,0,8,0,"PersonStuckEvent; relevant persons have at least one BOTH_INSIDE main trip"
BAU_2040,0.05,events,56,ALL,8,0,8,0,"PersonStuckEvent; relevant persons have at least one BOTH_INSIDE main trip"
BAU_2040,0.05,events,56,pt,8,0,8,0,"PersonStuckEvent; relevant persons have at least one BOTH_INSIDE main trip"
BAU_2040,0.05,events,57,ALL,8,0,8,0,"PersonStuckEvent; relevant persons have at least one BOTH_INSIDE main trip"
BAU_2040,0.05,events,57,pt,8,0,8,0,"PersonStuckEvent; relevant persons have at least one BOTH_INSIDE main trip"
BAU_2040,0.05,events,58,ALL,8,0,8,0,"PersonStuckEvent; relevant persons have at least one BOTH_INSIDE main trip"
BAU_2040,0.05,events,58,pt,8,0,8,0,"PersonStuckEvent; relevant persons have at least one BOTH_INSIDE main trip"
BAU_2040,0.05,events,59,ALL,8,0,8,0,"PersonStuckEvent; relevant persons have at least one BOTH_INSIDE main trip"
BAU_2040,0.05,events,59,pt,8,0,8,0,"PersonStuckEvent; relevant persons have at least one BOTH_INSIDE main trip"
BAU_2040,0.05,events,60,ALL,8,0,8,0,"PersonStuckEvent; relevant persons have at least one BOTH_INSIDE main trip"
BAU_2040,0.05,events,60,pt,8,0,8,0,"PersonStuckEvent; relevant persons have at least one BOTH_INSIDE main trip"
